,t,S0,I0,S1,I1,S2,I2,S3,I3,S4,I4,S5,I5,S6,I6,S7,I7,S8,I8,S9,I9
0,0.0,50,50,100,0,100,0,100,0,100,0,100,0,100,0,100,0,100,0,100,0
1,0.0,51,50,100,0,100,0,101,0,101,0,100,0,102,0,101,0,101,0,100,0
2,0.007766869011889801,54,49,100,0,101,0,102,0,100,0,102,0,103,0,100,0,102,0,101,0
3,0.01554100481368808,55,48,105,0,102,0,103,0,101,0,104,0,104,0,100,0,105,0,101,0
4,0.02332335505826003,56,48,105,0,103,0,104,0,103,0,105,0,106,0,100,0,104,0,102,0
5,0.03111784269305408,57,47,104,0,104,0,105,0,104,0,107,0,108,0,100,0,108,0,103,0
6,0.03892037764316875,57,47,105,0,106,0,105,0,104,0,108,0,109,0,103,0,108,0,105,0
7,0.04673248183434953,57,47,105,0,106,0,106,0,105,0,109,0,110,0,104,0,107,0,106,0
8,0.05455323851000149,59,44,108,0,108,0,107,0,107,0,113,1,112,0,106,0,109,0,108,0
9,0.06237840936852737,62,44,108,0,109,0,108,0,110,0,114,1,112,0,107,0,109,0,110,0
10,0.07022271710766845,63,43,108,0,111,0,109,0,111,0,115,1,112,0,108,0,113,0,112,0
11,0.07808022351274896,63,42,111,0,110,0,109,0,114,0,119,1,113,0,109,0,114,0,0,0
12,0.0859478995088401,65,40,112,0,110,0,110,0,114,0,119,1,114,0,109,0,115,0,0,0
13,0.09383346277309183,66,40,113,0,110,0,111,0,114,0,119,1,115,0,109,0,115,0,0,0
14,0.10172121727840368,66,40,115,0,111,0,112,0,114,0,121,1,116,0,112,0,116,0,0,0
15,0.1096137147135727,65,41,116,0,112,0,112,0,113,0,122,1,118,0,112,0,117,0,0,0
16,0.1175173724834702,67,41,117,0,114,0,114,0,116,0,124,1,120,0,112,0,118,0,0,0
17,0.1254273038525006,69,40,118,0,120,0,115,0,116,0,125,1,117,0,116,0,122,0,0,0
18,0.1333541140120732,69,40,120,0,123,0,116,0,116,0,127,1,117,0,117,0,122,0,0,0
19,0.14129577695610693,70,40,123,0,122,0,116,0,117,0,128,1,117,0,118,0,125,0,0,0
20,0.1492470064841374,72,39,123,0,122,0,116,0,117,0,135,1,118,0,121,0,127,0,0,0
21,0.15720842078355385,73,40,124,0,123,0,118,0,120,0,136,1,119,0,126,0,128,0,0,0
22,0.16518531066917477,74,40,126,0,127,0,118,0,120,0,136,1,120,0,127,0,129,0,0,0
23,0.17318201875093822,77,38,129,0,127,0,120,0,120,0,137,1,121,0,127,0,132,0,0,0
24,0.18118978600988156,79,37,129,0,128,0,122,0,124,0,141,1,125,0,129,0,134,0,0,0
25,0.18920731323718856,79,37,132,0,129,0,124,0,125,0,143,1,126,0,129,0,134,0,0,0
26,0.19724514915800723,83,36,133,0,131,0,126,0,125,0,143,1,126,0,131,0,135,0,0,0
27,0.20529369021606425,85,35,135,0,132,0,127,0,126,0,146,1,129,0,131,0,136,0,0,0
28,0.21335377382209617,87,34,135,0,132,0,131,0,127,0,146,1,130,0,134,0,134,0,0,0
29,0.2214270109615646,90,34,138,0,135,0,130,0,128,0,146,1,130,0,135,0,134,0,0,0
30,0.2295070335034223,90,34,138,0,134,0,131,0,129,0,147,1,131,0,137,0,136,0,0,0
31,0.2375991748246584,92,32,138,0,134,0,133,0,129,0,150,1,133,0,138,0,137,0,0,0
32,0.24569879209974896,94,30,141,0,135,0,134,0,129,0,155,0,134,0,140,0,138,0,0,0
33,0.25380498279740304,94,30,141,0,134,0,133,0,131,0,158,0,136,0,141,0,138,0,0,0
34,0.26191835075936676,97,27,140,0,139,0,138,0,135,0,161,0,134,0,142,0,139,0,0,0
35,0.2700388849202953,97,27,140,0,142,0,141,0,139,0,162,0,135,0,142,0,141,0,0,0
36,0.2781708545961457,96,28,144,0,142,0,143,0,139,0,162,0,137,0,144,0,141,0,1,0
37,0.28631784513052466,97,28,147,0,142,0,145,0,140,0,164,0,136,0,146,0,140,0,2,0
38,0.29447636150071754,98,28,148,0,144,0,148,0,143,0,167,0,136,0,146,0,141,0,2,0
39,0.3026446324611682,99,28,149,0,151,0,152,0,145,0,169,0,138,0,148,0,141,0,2,0
40,0.3108292820666895,102,28,150,0,151,0,156,0,144,0,170,0,138,0,148,0,142,0,2,0
41,0.31903784630530424,105,26,150,0,153,0,158,0,144,0,172,0,140,0,149,0,144,0,2,0
42,0.32725760324696995,106,26,152,0,155,0,164,0,145,0,172,0,141,0,150,0,144,0,2,0
43,0.335486928027196,106,26,153,0,159,0,166,0,146,0,174,0,142,0,0,0,146,0,2,0
44,0.343732722854691,107,26,154,0,159,0,167,0,148,0,177,0,143,0,0,0,146,0,2,0
45,0.35200627051603245,113,25,155,0,163,0,169,0,151,0,182,0,145,0,0,0,149,0,2,0
46,0.3602921638033538,115,23,154,0,165,0,172,0,153,0,185,0,149,0,0,0,151,0,2,0
47,0.36860930942417314,116,23,155,0,164,0,175,0,153,0,184,0,153,0,1,0,155,0,3,0
48,0.3769408436627534,116,24,158,0,164,0,178,0,156,0,188,0,155,0,1,0,157,0,3,0
49,0.385282784417736,118,24,160,0,164,0,179,0,158,0,190,0,158,0,1,0,161,0,3,0
50,0.39365188719465416,119,24,161,0,164,0,180,0,158,0,193,0,160,0,1,0,163,0,3,0
51,0.4020417253641467,120,24,162,0,166,0,183,0,160,0,197,0,162,0,1,0,165,0,4,0
52,0.4104456497870197,122,24,167,0,168,0,185,0,162,0,199,0,164,0,1,0,169,0,4,0
53,0.4188720910665253,122,24,169,0,169,0,188,0,163,0,201,0,163,0,1,0,172,0,4,0
54,0.4273262681495684,123,24,168,0,172,0,191,0,0,0,205,0,166,0,1,0,174,0,5,0
55,0.4357962597768433,128,21,168,0,176,0,191,0,0,0,204,0,168,0,2,0,178,0,5,0
56,0.44431398022687174,131,21,167,0,177,0,194,0,0,0,208,0,172,0,2,0,184,0,5,0
57,0.4528353899316931,132,21,167,0,178,0,194,0,0,0,209,0,173,0,2,0,186,0,5,0
58,0.46138958449534984,134,21,171,0,180,0,198,0,0,0,213,0,173,0,2,0,188,0,5,0
59,0.4699533697459542,136,21,173,0,181,0,200,0,0,0,218,0,175,0,2,0,188,0,5,0
60,0.4785468468784388,139,21,173,0,182,0,204,0,0,0,221,0,179,0,2,0,191,0,5,0
61,0.48716419736354194,146,20,173,0,183,0,203,0,0,0,229,0,183,0,2,0,192,0,5,0
62,0.4958115075825837,146,20,177,0,184,0,204,0,0,0,236,0,186,0,3,0,196,0,5,0
63,0.5044885405840605,148,20,179,0,186,0,206,0,0,0,242,0,187,0,3,0,196,0,5,0
64,0.5131988894310991,152,19,179,0,188,0,214,0,0,0,243,0,188,0,3,0,197,0,5,0
65,0.5219367334818669,154,18,182,0,193,0,214,0,0,0,243,0,194,0,3,0,198,0,5,0
66,0.530697955528896,156,18,182,0,195,0,216,0,1,0,241,0,197,0,4,0,199,0,5,0
67,0.5394782227048228,159,18,187,0,200,0,219,0,1,0,247,0,195,0,4,0,202,0,5,0
68,0.5482663535995166,162,19,190,0,203,0,221,0,1,0,250,0,195,0,4,0,201,0,5,0
69,0.5570944003651899,166,19,194,0,204,0,223,0,1,0,256,0,198,0,4,0,202,0,5,0
70,0.5659507732136324,168,20,196,0,205,0,226,0,1,0,256,0,201,0,4,0,202,0,5,0
71,0.5748445486286807,168,21,196,0,206,0,227,0,1,0,258,0,199,0,4,0,204,0,5,0
72,0.5837619445244031,171,21,198,0,205,0,230,0,1,0,258,0,205,0,5,0,208,0,5,0
73,0.5926936341607342,175,21,198,0,206,0,237,0,1,0,261,0,209,0,5,0,208,0,5,0
74,0.6016508054411425,178,21,200,0,208,0,241,0,2,0,265,0,213,0,5,0,209,0,5,0
75,0.6106434381987869,179,21,200,0,210,0,244,0,2,0,268,0,216,0,5,0,210,0,5,0
76,0.6196707802254287,182,21,204,0,211,0,243,0,2,0,273,0,220,0,5,0,213,0,5,0
77,0.6287226428883538,181,21,207,0,213,0,246,0,2,0,276,0,219,0,5,0,214,0,6,0
78,0.6378081737020812,183,21,211,0,218,0,249,0,2,0,276,0,225,0,5,0,214,0,6,0
79,0.646910931519439,181,22,219,0,218,0,248,0,2,0,283,0,228,0,5,0,215,0,6,0
80,0.6560466727316074,180,22,222,0,217,0,251,0,2,0,289,0,232,0,5,0,215,0,6,0
81,0.6652194496432382,186,21,226,0,220,0,254,0,2,0,290,0,234,0,5,0,218,0,6,0
82,0.674422287344547,187,21,228,0,225,0,256,0,2,0,294,0,236,0,6,0,223,0,6,0
83,0.6836566764695678,186,20,231,0,226,0,257,0,2,0,301,0,241,0,6,0,224,0,6,0
84,0.6929275628702445,188,20,235,0,227,0,259,0,2,0,302,0,245,0,6,0,224,0,7,0
85,0.7022281696450196,193,20,239,0,227,0,256,0,2,0,303,0,251,0,7,0,227,0,7,0
86,0.7115524385398108,195,20,240,0,231,0,261,0,2,0,309,0,254,0,7,0,230,0,7,0
87,0.7209023625709439,196,20,244,0,233,0,268,0,3,0,315,0,260,0,7,0,231,0,7,0
88,0.7303002523963088,198,20,246,0,236,0,270,0,3,0,315,0,263,0,7,0,233,0,7,0
89,0.7397520474777114,206,20,251,0,237,0,271,0,3,0,318,0,268,0,8,0,236,0,7,0
90,0.7492285037964584,210,19,252,0,242,0,275,0,3,0,320,0,270,0,8,0,238,0,7,0
91,0.7587521844153973,212,19,257,0,245,0,280,0,3,0,322,0,272,0,9,0,238,0,7,0
92,0.7683069083900379,214,18,263,0,245,0,281,0,3,0,330,0,278,0,9,0,235,0,7,0
93,0.7778973722313968,217,17,268,0,244,0,284,0,3,0,333,0,287,0,9,0,242,0,7,0
94,0.7875282349305943,217,18,271,0,244,0,288,0,3,0,336,0,289,0,10,0,243,0,8,0
95,0.7972100781776263,221,18,274,0,248,0,293,0,3,0,342,0,293,0,11,0,245,0,8,0
96,0.8069240905536763,224,18,277,0,250,0,297,0,3,0,349,0,293,0,11,0,245,0,8,0
97,0.8166956743874042,230,18,282,0,251,0,302,0,3,0,351,0,296,0,11,0,248,0,8,0
98,0.8265114615366782,230,19,283,0,255,0,304,0,3,0,356,0,306,0,11,0,252,0,8,0
99,0.8363781424469173,229,19,287,0,257,0,307,0,3,0,361,0,310,0,11,0,256,0,8,0
100,0.8463091565257916,229,19,289,0,262,0,312,0,3,0,367,0,312,0,11,0,261,0,9,0
101,0.856287610132282,230,19,292,0,265,0,312,0,3,0,370,0,314,0,11,0,260,0,9,0
102,0.8663193674126473,230,19,294,0,270,0,322,0,3,0,377,0,321,0,11,0,261,0,9,0
103,0.8763766526951395,234,20,298,0,273,0,328,0,3,0,381,0,328,0,11,0,265,0,9,0
104,0.8865116468669039,238,20,303,0,273,0,329,0,3,0,386,0,333,0,11,0,271,0,9,0
105,0.8967260602592815,240,21,307,0,278,0,331,0,3,0,391,0,338,0,11,0,275,0,9,0
106,0.9069995426340629,241,21,311,0,281,0,335,0,4,0,395,0,341,0,12,0,280,0,10,0
107,0.9173426170293364,242,21,313,0,286,0,343,0,4,0,398,0,346,0,12,0,284,0,10,0
108,0.9277345296650809,246,20,315,0,287,0,346,0,4,0,402,0,354,0,12,0,284,0,10,0
109,0.9381923552424144,251,20,321,0,290,0,346,0,4,0,407,0,362,0,12,0,284,0,10,0
110,0.9486990816836823,254,19,322,0,298,0,351,0,4,0,415,0,369,0,12,0,291,0,10,0
111,0.9592733741999483,260,19,324,0,303,0,356,0,4,0,422,0,367,0,12,0,303,0,10,0
112,0.9699357524972791,264,19,331,0,309,0,361,0,4,0,420,0,371,0,12,0,308,0,10,0
113,0.9806780148441814,268,19,336,0,314,0,364,0,4,0,424,0,381,0,12,0,314,0,10,0
114,0.9914826047959602,274,19,341,0,320,0,364,0,4,0,429,0,387,0,12,0,316,0,10,0
